<?xml version="1.0" encoding="UTF-8" standalone="no"?>
<configuration xmlns="http://schemas.genuitec.com/myeclipse/mobile"
	xmlns:xsi="http://www.w3.org/2001/XMLSchema-instance" version="0.2"
	xsi:schemaLocation="http://schemas.genuitec.com/myeclipse/mobile http://schemas.genuitec.com/myeclipse/mobile/buildconfig_0_2.xsd">
	<configId>bb2a1f258d37427c853db23bce8e13cd</configId>
	<appId>SampleProject.android</appId>
	<appName>SampleProject(1.1.2.0)</appName>
	<packageName>myeclipse.sampleproject</packageName>
	<outputFileName>sampleproject(1.1.2.0).apk</outputFileName>
	<appVersion>1.1.2.0</appVersion>
	<appLanguage>USA</appLanguage>
	<author email="" name="" />
	<supportedOrientation>ALL</supportedOrientation>
	<platform>
		<android>
			<targetDisplaySizes>
				<item>S</item>
				<item>M</item>
				<item>L</item>
				<item>XL</item>
			</targetDisplaySizes>
			<permissions>
				<item>BATTERY</item>
				<item>CAMERA</item>
				<item>CONTACTS</item>
				<item>FILE</item>
				<item>GEOLOCATION</item>
				<item>MEDIA</item>
				<item>NETWORK</item>
				<item>NOTIFICATION</item>
			</permissions>
		</android>
	</platform>
	<sourceFolders>
		<item exclusionPatterns="" inclusionPatterns="www/" />
	</sourceFolders>
	<startupURI>index.html</startupURI>
	<brandingImages>
		<app-image image-path="apps/SampleProject.android/images/36.png"
			image-size="36x36" image-type="ICON" />
		<app-image image-path="apps/SampleProject.android/images/48.png"
			image-size="48x48" image-type="ICON" />
		<app-image image-path="apps/SampleProject.android/images/72.png"
			image-size="72x72" image-type="ICON" />
		<app-image image-path="apps/SampleProject.android/images/96.png"
			image-size="96x96" image-type="ICON" />
	</brandingImages>
</configuration>
